{
  "hash": "783cf685",
  "configHash": "1488779d",
  "lockfileHash": "7b08b7ea",
  "browserHash": "4c3df867",
  "optimized": {
    "@angular/common": {
      "src": "../../../../../node_modules/@angular/common/fesm2022/common.mjs",
      "file": "@angular_common.js",
      "fileHash": "8723d7c0",
      "needsInterop": false
    },
    "@angular/core": {
      "src": "../../../../../node_modules/@angular/core/fesm2022/core.mjs",
      "file": "@angular_core.js",
      "fileHash": "1f810c6d",
      "needsInterop": false
    },
    "@angular/forms": {
      "src": "../../../../../node_modules/@angular/forms/fesm2022/forms.mjs",
      "file": "@angular_forms.js",
      "fileHash": "6658cc7e",
      "needsInterop": false
    },
    "@angular/platform-browser": {
      "src": "../../../../../node_modules/@angular/platform-browser/fesm2022/platform-browser.mjs",
      "file": "@angular_platform-browser.js",
      "fileHash": "011cd5d2",
      "needsInterop": false
    },
    "@angular/router": {
      "src": "../../../../../node_modules/@angular/router/fesm2022/router.mjs",
      "file": "@angular_router.js",
      "fileHash": "24cd8587",
      "needsInterop": false
    }
  },
  "chunks": {
    "chunk-6LM6EIPF": {
      "file": "chunk-6LM6EIPF.js"
    },
    "chunk-5IPOJP64": {
      "file": "chunk-5IPOJP64.js"
    },
    "chunk-IMHRZ32E": {
      "file": "chunk-IMHRZ32E.js"
    }
  }
}